id;name;phone;patent;patent_content_type;manager_f_name;manager_l_name;balance;insurance;insurance_content_type;referal;refered_by;activated;user_id
1;sexy;(341) 304-8363 x967;../fake-data/blob/hipster.png;image/png;generating transitional Specialist;Web Developer virtual;12898;../fake-data/blob/hipster.png;image/png;JBOD technologies;generating hack programming;true;2
2;yellow Croatian Kuna;783-361-6824 x1752;../fake-data/blob/hipster.png;image/png;empower;out-of-the-box;56320;../fake-data/blob/hipster.png;image/png;extranet Progressive interface;Practical Singapore Dollar;false;1
3;Washington revolutionary;111.059.5644;../fake-data/blob/hipster.png;image/png;e-services Gorgeous;Ergonomic Fresh Car Soft Rubber;13705;../fake-data/blob/hipster.png;image/png;withdrawal protocol;solid state Fresh;true;2
4;connecting ROI;(726) 239-3258 x757;../fake-data/blob/hipster.png;image/png;sky blue Dynamic;Applications Investment Account;21466;../fake-data/blob/hipster.png;image/png;Tuna deploy Utah;Analyst Russian Ruble Zambia;false;1
5;Gorgeous Granite Shoes Kentucky;330.534.1671 x701;../fake-data/blob/hipster.png;image/png;Salad Buckinghamshire Internal;Tactics Poland Avon;99967;../fake-data/blob/hipster.png;image/png;Kwacha card Mountain;web services;false;1
6;South Africa Kip Investment Account;843-223-9841 x2088;../fake-data/blob/hipster.png;image/png;e-business Cambridgeshire;SMTP;89040;../fake-data/blob/hipster.png;image/png;Granite;zero administration;false;2
7;Advanced;933-281-1461 x10516;../fake-data/blob/hipster.png;image/png;PCI array Kuwaiti Dinar;Directives;60880;../fake-data/blob/hipster.png;image/png;Toys Analyst monitor;wireless Chief;true;2
8;payment Marketing Incredible;384-530-3750 x90424;../fake-data/blob/hipster.png;image/png;Operative;haptic salmon;83152;../fake-data/blob/hipster.png;image/png;iterate;Corporate integrated Lead;false;2
9;real-time Engineer;(870) 194-8105;../fake-data/blob/hipster.png;image/png;Mexico;vortals Checking Account;81223;../fake-data/blob/hipster.png;image/png;Reduced;Open-architected Montana incentivize;true;1
10;back-end;608-495-3289;../fake-data/blob/hipster.png;image/png;Home Loan Account;next-generation;91351;../fake-data/blob/hipster.png;image/png;panel reintermediate;Sports Corporate Metal;false;2
